# Manifeste de deplacement — genere par plan.py, RELU PAR UN HUMAIN.
# Un deplacement par ligne :  source <TAB> destination
# Supprimer une ligne = ne pas deplacer ce fichier. Commenter avec #.
# Le .meta suit son fichier automatiquement : ne PAS le lister ici.
# 440 deplacements.

Assets/_Project/Art/Mesh/Animaux/SM_ZF_Fauna_ButterflyTest2 (1).fbx	Assets/_Project/Art/Models/Animaux/SM_ZF_Fauna_ButterflyTest2 (1).fbx
Assets/_Project/Art/Mesh/Architecture/Prefab/Incinerator.prefab	Assets/_Project/Art/Models/Architecture/Prefab/Incinerator.prefab
Assets/_Project/Art/Mesh/Architecture/Prefab/Robot.prefab	Assets/_Project/Art/Models/Architecture/Prefab/Robot.prefab
Assets/_Project/Art/Mesh/Architecture/Prefab/Storage 1.prefab	Assets/_Project/Art/Models/Architecture/Prefab/Storage 1.prefab
Assets/_Project/Art/Mesh/Architecture/Prefab/Storage.prefab	Assets/_Project/Art/Models/Architecture/Prefab/Storage.prefab
Assets/_Project/Art/Mesh/Architecture/Prefab/Tree.prefab	Assets/_Project/Art/Models/Architecture/Prefab/Tree.prefab
Assets/_Project/Art/Mesh/Architecture/Prefab/box.prefab	Assets/_Project/Art/Models/Architecture/Prefab/box.prefab
Assets/_Project/Art/Mesh/Architecture/Prefab/ladder.prefab	Assets/_Project/Art/Models/Architecture/Prefab/ladder.prefab
Assets/_Project/Art/Mesh/Architecture/Prefab/treeeeeeee.prefab	Assets/_Project/Art/Models/Architecture/Prefab/treeeeeeee.prefab
Assets/_Project/Art/Mesh/Architecture/SM_ZF_Archi_Box.fbx	Assets/_Project/Art/Models/Architecture/SM_ZF_Archi_Box.fbx
Assets/_Project/Art/Mesh/Architecture/SM_ZF_Archi_Ladder.fbx	Assets/_Project/Art/Models/Architecture/SM_ZF_Archi_Ladder.fbx
Assets/_Project/Art/Mesh/Architecture/SM_ZF_Archi_Storage.fbx	Assets/_Project/Art/Models/Architecture/SM_ZF_Archi_Storage.fbx
Assets/_Project/Art/Mesh/Architecture/SM_ZF_Archi_Stump.fbx	Assets/_Project/Art/Models/Architecture/SM_ZF_Archi_Stump.fbx
Assets/_Project/Art/Mesh/Architecture/SM_ZF_Archi_StumpLid.fbx	Assets/_Project/Art/Models/Architecture/SM_ZF_Archi_StumpLid.fbx
Assets/_Project/Art/Mesh/Architecture/SM_ZF_Archi_TreeHouse.fbx	Assets/_Project/Art/Models/Architecture/SM_ZF_Archi_TreeHouse.fbx
Assets/_Project/Art/Mesh/Architecture/SM_ZF_Archi_TreeSlice.fbx	Assets/_Project/Art/Models/Architecture/SM_ZF_Archi_TreeSlice.fbx
Assets/_Project/Art/Mesh/Architecture/SM_ZF_Buildings_Incinerator.fbx	Assets/_Project/Art/Models/Architecture/SM_ZF_Buildings_Incinerator.fbx
Assets/_Project/Art/Mesh/Architecture/SM_ZF_Vehicle_Robot.fbx	Assets/_Project/Art/Models/Architecture/SM_ZF_Vehicle_Robot.fbx
Assets/_Project/Art/Mesh/Bridge/Pont01.fbx	Assets/_Project/Art/Models/Bridge/Pont01.fbx
Assets/_Project/Art/Mesh/Cinematic_Diorama.playable	Assets/_Project/Art/Models/Cinematic_Diorama.playable
Assets/_Project/Art/Mesh/Folliage/SM_ZF_Foliage_BlueFlower.fbx	Assets/_Project/Art/Models/Foliage/SM_ZF_Foliage_BlueFlower.fbx
Assets/_Project/Art/Mesh/Folliage/SM_ZF_Foliage_Clover_01.fbx	Assets/_Project/Art/Models/Foliage/SM_ZF_Foliage_Clover_01.fbx
Assets/_Project/Art/Mesh/Folliage/SM_ZF_Foliage_Clover_02.fbx	Assets/_Project/Art/Models/Foliage/SM_ZF_Foliage_Clover_02.fbx
Assets/_Project/Art/Mesh/Folliage/SM_ZF_Foliage_FlowerButtercup_01.fbx	Assets/_Project/Art/Models/Foliage/SM_ZF_Foliage_FlowerButtercup_01.fbx
Assets/_Project/Art/Mesh/Folliage/SM_ZF_Foliage_FlowerButtercup_02.fbx	Assets/_Project/Art/Models/Foliage/SM_ZF_Foliage_FlowerButtercup_02.fbx
Assets/_Project/Art/Mesh/Folliage/SM_ZF_Foliage_FlowerDaisy.fbx	Assets/_Project/Art/Models/Foliage/SM_ZF_Foliage_FlowerDaisy.fbx
Assets/_Project/Art/Mesh/Folliage/SM_ZF_Foliage_FlowerLavander.fbx	Assets/_Project/Art/Models/Foliage/SM_ZF_Foliage_FlowerLavander.fbx
Assets/_Project/Art/Mesh/Folliage/SM_ZF_Foliage_FlowerPoppy.fbx	Assets/_Project/Art/Models/Foliage/SM_ZF_Foliage_FlowerPoppy.fbx
Assets/_Project/Art/Mesh/Folliage/SM_ZF_Foliage_FlowerReed.fbx	Assets/_Project/Art/Models/Foliage/SM_ZF_Foliage_FlowerReed.fbx
Assets/_Project/Art/Mesh/Folliage/SM_ZF_Foliage_WaterFlower.fbx	Assets/_Project/Art/Models/Foliage/SM_ZF_Foliage_WaterFlower.fbx
Assets/_Project/Art/Mesh/Folliage/SM_ZF_Foliage_WhiteCylinderFlower.fbx	Assets/_Project/Art/Models/Foliage/SM_ZF_Foliage_WhiteCylinderFlower.fbx
Assets/_Project/Art/Mesh/Folliage/SM_ZF_Foliage_WhiteFlower.fbx	Assets/_Project/Art/Models/Foliage/SM_ZF_Foliage_WhiteFlower.fbx
Assets/_Project/Art/Mesh/Grass/SM_ZF_Foliage_Grass/SM_ZF_Foliage_GroundFlower_01_001.fbx	Assets/_Project/Art/Models/Grass/SM_ZF_Foliage_Grass/SM_ZF_Foliage_GroundFlower_01_001.fbx
Assets/_Project/Art/Mesh/Grass/SM_ZF_Foliage_Grass/SM_ZF_Foliage_GroundFlower_02_001.fbx	Assets/_Project/Art/Models/Grass/SM_ZF_Foliage_Grass/SM_ZF_Foliage_GroundFlower_02_001.fbx
Assets/_Project/Art/Mesh/Grass/SM_ZF_Foliage_Grass/SM_ZF_Foliage_GroupGrass.fbx	Assets/_Project/Art/Models/Grass/SM_ZF_Foliage_Grass/SM_ZF_Foliage_GroupGrass.fbx
Assets/_Project/Art/Mesh/Grass/SM_ZF_Foliage_Grass/SM_ZF_Foliage_Solo2Grass_001.fbx	Assets/_Project/Art/Models/Grass/SM_ZF_Foliage_Grass/SM_ZF_Foliage_Solo2Grass_001.fbx
Assets/_Project/Art/Mesh/Grass/SM_ZF_Foliage_Grass/SM_ZF_Foliage_Solo3Grass_01_001.fbx	Assets/_Project/Art/Models/Grass/SM_ZF_Foliage_Grass/SM_ZF_Foliage_Solo3Grass_01_001.fbx
Assets/_Project/Art/Mesh/Grass/SM_ZF_Foliage_Grass/SM_ZF_Foliage_Solo3Grass_02_001.fbx	Assets/_Project/Art/Models/Grass/SM_ZF_Foliage_Grass/SM_ZF_Foliage_Solo3Grass_02_001.fbx
Assets/_Project/Art/Mesh/Grass/SM_ZF_Foliage_Grass/SM_ZF_Foliage_Solo4Grass_001.fbx	Assets/_Project/Art/Models/Grass/SM_ZF_Foliage_Grass/SM_ZF_Foliage_Solo4Grass_001.fbx
Assets/_Project/Art/Mesh/Grass/SM_ZF_Foliage_Grass/SM_ZF_Foliage_SoloFlatGrass_001.fbx	Assets/_Project/Art/Models/Grass/SM_ZF_Foliage_Grass/SM_ZF_Foliage_SoloFlatGrass_001.fbx
Assets/_Project/Art/Mesh/Grass/SM_ZF_Foliage_Grass/SM_ZF_Foliage_SoloGrass_001.fbx	Assets/_Project/Art/Models/Grass/SM_ZF_Foliage_Grass/SM_ZF_Foliage_SoloGrass_001.fbx
Assets/_Project/Art/Mesh/Grass/SM_ZF_Foliage_Grass/SM_ZF_Foliage_SoloGrass_Large_01_001.fbx	Assets/_Project/Art/Models/Grass/SM_ZF_Foliage_Grass/SM_ZF_Foliage_SoloGrass_Large_01_001.fbx
Assets/_Project/Art/Mesh/Grass/SM_ZF_Foliage_Grass/SM_ZF_Foliage_SoloGrass_Large_02_001.fbx	Assets/_Project/Art/Models/Grass/SM_ZF_Foliage_Grass/SM_ZF_Foliage_SoloGrass_Large_02_001.fbx
Assets/_Project/Art/Mesh/Grass/SM_ZF_Foliage_Grass/SM_ZF_Foliage_SoloGroundGrass2_01_001.fbx	Assets/_Project/Art/Models/Grass/SM_ZF_Foliage_Grass/SM_ZF_Foliage_SoloGroundGrass2_01_001.fbx
Assets/_Project/Art/Mesh/Grass/SM_ZF_Foliage_Grass/SM_ZF_Foliage_SoloGroundGrass2_02_001.fbx	Assets/_Project/Art/Models/Grass/SM_ZF_Foliage_Grass/SM_ZF_Foliage_SoloGroundGrass2_02_001.fbx
Assets/_Project/Art/Mesh/Grass/SM_ZF_Foliage_Grass/SM_ZF_Foliage_SoloGroundGrass_01_001.fbx	Assets/_Project/Art/Models/Grass/SM_ZF_Foliage_Grass/SM_ZF_Foliage_SoloGroundGrass_01_001.fbx
Assets/_Project/Art/Mesh/Grass/SM_ZF_Foliage_Grass/SM_ZF_Foliage_SoloGroundGrass_02_001.fbx	Assets/_Project/Art/Models/Grass/SM_ZF_Foliage_Grass/SM_ZF_Foliage_SoloGroundGrass_02_001.fbx
Assets/_Project/Art/Mesh/Grass/SM_ZF_Foliage_Grass/SM_ZF_Foliage_SoloTige_001.fbx	Assets/_Project/Art/Models/Grass/SM_ZF_Foliage_Grass/SM_ZF_Foliage_SoloTige_001.fbx
Assets/_Project/Art/Mesh/Grass/SM_ZF_Foliage_Grass/SM_ZF_Foliage_TallGrass_01.fbx	Assets/_Project/Art/Models/Grass/SM_ZF_Foliage_Grass/SM_ZF_Foliage_TallGrass_01.fbx
Assets/_Project/Art/Mesh/Grass/SM_ZF_Foliage_Grass/SM_ZF_Foliage_TallGrass_02.fbx	Assets/_Project/Art/Models/Grass/SM_ZF_Foliage_Grass/SM_ZF_Foliage_TallGrass_02.fbx
Assets/_Project/Art/Mesh/Grass/SM_ZF_Foliage_Grass/SM_ZF_Foliage_TallGrass_03.fbx	Assets/_Project/Art/Models/Grass/SM_ZF_Foliage_Grass/SM_ZF_Foliage_TallGrass_03.fbx
Assets/_Project/Art/Mesh/Grass/SM_ZF_Foliage_Grass/SM_ZF_Foliage_TriangleGrass_01.fbx	Assets/_Project/Art/Models/Grass/SM_ZF_Foliage_Grass/SM_ZF_Foliage_TriangleGrass_01.fbx
Assets/_Project/Art/Mesh/Grass/SM_ZF_Foliage_Grass/SM_ZF_Foliage_TriangleGrass_02.fbx	Assets/_Project/Art/Models/Grass/SM_ZF_Foliage_Grass/SM_ZF_Foliage_TriangleGrass_02.fbx
Assets/_Project/Art/Mesh/Grass/SM_ZF_Foliage_Grass/SM_ZF_Foliage_TriangleGrass_03.fbx	Assets/_Project/Art/Models/Grass/SM_ZF_Foliage_Grass/SM_ZF_Foliage_TriangleGrass_03.fbx
Assets/_Project/Art/Mesh/Grass/SM_ZF_Foliage_Grass/SM_ZF_Foliage_WheatV1.fbx	Assets/_Project/Art/Models/Grass/SM_ZF_Foliage_Grass/SM_ZF_Foliage_WheatV1.fbx
Assets/_Project/Art/Mesh/Grass/SM_ZF_Foliage_Grass/SM_ZF_Foliage_WheatV2.fbx	Assets/_Project/Art/Models/Grass/SM_ZF_Foliage_Grass/SM_ZF_Foliage_WheatV2.fbx
Assets/_Project/Art/Mesh/Nenuphars/Nenuphar_Plateforme_01.fbx	Assets/_Project/Art/Models/Nenuphars/Nenuphar_Plateforme_01.fbx
Assets/_Project/Art/Mesh/Nenuphars/Nenuphare_01.fbx	Assets/_Project/Art/Models/Nenuphars/Nenuphare_01.fbx
Assets/_Project/Art/Mesh/Nenuphars/Nenuphare_02.fbx	Assets/_Project/Art/Models/Nenuphars/Nenuphare_02.fbx
Assets/_Project/Art/Mesh/Nenuphars/Nenuphare_03.fbx	Assets/_Project/Art/Models/Nenuphars/Nenuphare_03.fbx
Assets/_Project/Art/Mesh/Rock/SM_ZF_Rock_big_01.fbx	Assets/_Project/Art/Models/Rock/SM_ZF_Rock_big_01.fbx
Assets/_Project/Art/Mesh/Rock/SM_ZF_Rock_big_02.fbx	Assets/_Project/Art/Models/Rock/SM_ZF_Rock_big_02.fbx
Assets/_Project/Art/Mesh/Rock/SM_ZF_Rock_big_03.fbx	Assets/_Project/Art/Models/Rock/SM_ZF_Rock_big_03.fbx
Assets/_Project/Art/Mesh/Rock/SM_ZF_Rock_mid_01.fbx	Assets/_Project/Art/Models/Rock/SM_ZF_Rock_mid_01.fbx
Assets/_Project/Art/Mesh/Rock/SM_ZF_Rock_mid_02.fbx	Assets/_Project/Art/Models/Rock/SM_ZF_Rock_mid_02.fbx
Assets/_Project/Art/Mesh/Rock/SM_ZF_Rock_mid_03.fbx	Assets/_Project/Art/Models/Rock/SM_ZF_Rock_mid_03.fbx
Assets/_Project/Art/Mesh/Rock/SM_ZF_Rock_small_01.fbx	Assets/_Project/Art/Models/Rock/SM_ZF_Rock_small_01.fbx
Assets/_Project/Art/Mesh/Rock/SM_ZF_Rock_small_02.fbx	Assets/_Project/Art/Models/Rock/SM_ZF_Rock_small_02.fbx
Assets/_Project/Art/Mesh/Rock/SM_ZF_Rock_small_03.fbx	Assets/_Project/Art/Models/Rock/SM_ZF_Rock_small_03.fbx
Assets/_Project/Art/Mesh/TMP_Socle_Diorama.fbx	Assets/_Project/Art/Models/TMP_Socle_Diorama.fbx
Assets/_Project/Art/Mesh/Thorn/Prefabs/thorn01.prefab	Assets/_Project/Art/Models/Thorn/Prefabs/thorn01.prefab
Assets/_Project/Art/Mesh/Thorn/Prefabs/thorn02.prefab	Assets/_Project/Art/Models/Thorn/Prefabs/thorn02.prefab
Assets/_Project/Art/Mesh/Thorn/Prefabs/thorn03.prefab	Assets/_Project/Art/Models/Thorn/Prefabs/thorn03.prefab
Assets/_Project/Art/Mesh/Thorn/Prefabs/thorn04.prefab	Assets/_Project/Art/Models/Thorn/Prefabs/thorn04.prefab
Assets/_Project/Art/Mesh/Thorn/thorn01.fbx	Assets/_Project/Art/Models/Thorn/thorn01.fbx
Assets/_Project/Art/Mesh/Thorn/thorn02.fbx	Assets/_Project/Art/Models/Thorn/thorn02.fbx
Assets/_Project/Art/Mesh/Thorn/thorn03.fbx	Assets/_Project/Art/Models/Thorn/thorn03.fbx
Assets/_Project/Art/Mesh/Thorn/thorn04.fbx	Assets/_Project/Art/Models/Thorn/thorn04.fbx
Assets/_Project/Art/Mesh/Tornado.fbx	Assets/_Project/Art/Models/Tornado.fbx
Assets/_Project/Art/Mesh/Traingle.obj	Assets/_Project/Art/Models/Traingle.obj
Assets/_Project/Art/Mesh/Trees/Leaves_Set/SM_ZF_TreeLeaves_1x1_M.fbx	Assets/_Project/Art/Models/Trees/Leaves_Set/SM_ZF_TreeLeaves_1x1_M.fbx
Assets/_Project/Art/Mesh/Trees/Leaves_Set/SM_ZF_TreeLeaves_1x1_Small.fbx	Assets/_Project/Art/Models/Trees/Leaves_Set/SM_ZF_TreeLeaves_1x1_Small.fbx
Assets/_Project/Art/Mesh/Trees/Leaves_Set/SM_ZF_TreeLeaves_2x1_L.fbx	Assets/_Project/Art/Models/Trees/Leaves_Set/SM_ZF_TreeLeaves_2x1_L.fbx
Assets/_Project/Art/Mesh/Trees/Leaves_Set/SM_ZF_TreeLeaves_2x1_M.fbx	Assets/_Project/Art/Models/Trees/Leaves_Set/SM_ZF_TreeLeaves_2x1_M.fbx
Assets/_Project/Art/Mesh/Trees/Leaves_Set/SM_ZF_TreeLeaves_2x1_Small.fbx	Assets/_Project/Art/Models/Trees/Leaves_Set/SM_ZF_TreeLeaves_2x1_Small.fbx
Assets/_Project/Art/Mesh/Trees/Leaves_Set/SM_ZF_TreeLeaves_2x2_L.fbx	Assets/_Project/Art/Models/Trees/Leaves_Set/SM_ZF_TreeLeaves_2x2_L.fbx
Assets/_Project/Art/Mesh/Trees/Leaves_Set/SM_ZF_TreeLeaves_2x2_M.fbx	Assets/_Project/Art/Models/Trees/Leaves_Set/SM_ZF_TreeLeaves_2x2_M.fbx
Assets/_Project/Art/Mesh/Trees/Leaves_Set/SM_ZF_TreeLeaves_2x2_Small.fbx	Assets/_Project/Art/Models/Trees/Leaves_Set/SM_ZF_TreeLeaves_2x2_Small.fbx
Assets/_Project/Art/Mesh/Trees/PortalTree/TMP_Arbre et portail.fbx	Assets/_Project/Art/Models/Trees/PortalTree/TMP_Arbre et portail.fbx
Assets/_Project/Art/Mesh/Trees/PortalTree/TMP_PortalTreeSculpt.fbx	Assets/_Project/Art/Models/Trees/PortalTree/TMP_PortalTreeSculpt.fbx
Assets/_Project/Art/Mesh/Trees/TMP_Portail.fbx	Assets/_Project/Art/Models/Trees/TMP_Portail.fbx
Assets/_Project/Art/Mesh/Trees/Trunk_Set/SM_ZF_TreeTrunk_Birch_Big.fbx	Assets/_Project/Art/Models/Trees/Trunk_Set/SM_ZF_TreeTrunk_Birch_Big.fbx
Assets/_Project/Art/Mesh/Trees/Trunk_Set/SM_ZF_TreeTrunk_Birch_Small.fbx	Assets/_Project/Art/Models/Trees/Trunk_Set/SM_ZF_TreeTrunk_Birch_Small.fbx
Assets/_Project/Art/Mesh/Trees/Trunk_Set/SM_ZF_TreeTrunk_Brich_Medium.fbx	Assets/_Project/Art/Models/Trees/Trunk_Set/SM_ZF_TreeTrunk_Birch_Medium.fbx
Assets/_Project/Art/Mesh/Trees/Trunk_Set/SM_ZF_TreeTrunk_Chestnut_Big.fbx	Assets/_Project/Art/Models/Trees/Trunk_Set/SM_ZF_TreeTrunk_Chestnut_Big.fbx
Assets/_Project/Art/Mesh/Trees/Trunk_Set/SM_ZF_TreeTrunk_Chestnut_Medium.fbx	Assets/_Project/Art/Models/Trees/Trunk_Set/SM_ZF_TreeTrunk_Chestnut_Medium.fbx
Assets/_Project/Art/Mesh/Trees/Trunk_Set/SM_ZF_TreeTrunk_Chestnut_Small.fbx	Assets/_Project/Art/Models/Trees/Trunk_Set/SM_ZF_TreeTrunk_Chestnut_Small.fbx
Assets/_Project/Art/Mesh/Trees/Trunk_Set/SM_ZF_TreeTrunk_Oak_Big.fbx	Assets/_Project/Art/Models/Trees/Trunk_Set/SM_ZF_TreeTrunk_Oak_Big.fbx
Assets/_Project/Art/Mesh/Trees/Trunk_Set/SM_ZF_TreeTrunk_Oak_Medium.fbx	Assets/_Project/Art/Models/Trees/Trunk_Set/SM_ZF_TreeTrunk_Oak_Medium.fbx
Assets/_Project/Art/Mesh/Trees/Trunk_Set/SM_ZF_TreeTrunk_Oak_Small.fbx	Assets/_Project/Art/Models/Trees/Trunk_Set/SM_ZF_TreeTrunk_Oak_Small.fbx
Assets/_Project/Art/Mesh/Trees/Weeping Willows v2 16-06/SM_ZF_Trees_WeepingWillow_L.fbx	Assets/_Project/Art/Models/Trees/Weeping Willows v2 16-06/SM_ZF_Trees_WeepingWillow_L.fbx
Assets/_Project/Art/Mesh/Trees/Weeping Willows v2 16-06/SM_ZF_Trees_WeepingWillow_M.fbx	Assets/_Project/Art/Models/Trees/Weeping Willows v2 16-06/SM_ZF_Trees_WeepingWillow_M.fbx
Assets/_Project/Art/Mesh/Trees/Weeping Willows v2 16-06/SM_ZF_Trees_WeepingWillow_S.fbx	Assets/_Project/Art/Models/Trees/Weeping Willows v2 16-06/SM_ZF_Trees_WeepingWillow_S.fbx
Assets/_Project/Art/Mesh/ball.fbx	Assets/_Project/Art/Models/ball.fbx
Assets/_Project/Art/SM_ZF_TreeTrunk_Brich_Medium.fbx	Assets/_Project/Art/Models/SM_ZF_TreeTrunk_Birch_Medium.fbx
Assets/_Project/Art/Shader/Cloud.shadergraph	Assets/_Project/Art/Shaders/Cloud.shadergraph
Assets/_Project/Art/Shader/Movement.shadersubgraph	Assets/_Project/Art/Shaders/Movement.shadersubgraph
Assets/_Project/Art/Shader/SG_DioramaTerrainLerp.shadergraph	Assets/_Project/Art/Shaders/SG_DioramaTerrainLerp.shadergraph
Assets/_Project/Art/Shader/SG_FolliageAnim.shadergraph	Assets/_Project/Art/Shaders/SG_FoliageAnim.shadergraph
Assets/_Project/Art/Shader/SG_Leaf.shadergraph	Assets/_Project/Art/Shaders/SG_Leaf.shadergraph
Assets/_Project/Art/Shader/SG_Portal.shadergraph	Assets/_Project/Art/Shaders/SG_Portal.shadergraph
Assets/_Project/Art/Shader/SG_Trimsheet_bush.shadergraph	Assets/_Project/Art/Shaders/SG_Trimsheet_bush.shadergraph
Assets/_Project/Art/Shader/SG_Triplanar.shadergraph	Assets/_Project/Art/Shaders/SG_Triplanar.shadergraph
Assets/_Project/Art/Shader/SG_Water.shadergraph	Assets/_Project/Art/Shaders/SG_Water.shadergraph
Assets/_Project/Art/Shader/Shader Graphs_SG_FolliageAnim.mat	Assets/_Project/Art/Shaders/Shader Graphs_SG_FoliageAnim.mat
Assets/_Project/Art/Shader/Vfx/M_PullVFX 1.mat	Assets/_Project/Art/Shaders/Vfx/M_PullVFX 1.mat
Assets/_Project/Art/Shader/Vfx/M_PullVFX 2.mat	Assets/_Project/Art/Shaders/Vfx/M_PullVFX 2.mat
Assets/_Project/Art/Shader/Vfx/M_PullVFX.mat	Assets/_Project/Art/Shaders/Vfx/M_PullVFX.mat
Assets/_Project/Art/Shader/Vfx/SG_Tornado.shadergraph	Assets/_Project/Art/Shaders/Vfx/SG_Tornado.shadergraph
Assets/_Project/Art/Shader/cloudmat 1.mat	Assets/_Project/Art/Shaders/cloudmat 1.mat
Assets/_Project/Art/Shader/cloudmat 2.mat	Assets/_Project/Art/Shaders/cloudmat 2.mat
Assets/_Project/Art/Shader/cloudmat.mat	Assets/_Project/Art/Shaders/cloudmat.mat
Assets/_Project/Art/UI/Characters/circle-thumb.png	Assets/_Project/Art/Textures/UI/Characters/circle-thumb.png
Assets/_Project/Art/UI/Characters/rounded-button.png	Assets/_Project/Art/Textures/UI/Characters/rounded-button.png
Assets/_Project/Art/UI/Characters/rounded-card-lg.png	Assets/_Project/Art/Textures/UI/Characters/rounded-card-lg.png
Assets/_Project/Art/UI/Characters/rounded-card.png	Assets/_Project/Art/Textures/UI/Characters/rounded-card.png
Assets/_Project/Art/UI/Characters/rounded-panel.png	Assets/_Project/Art/Textures/UI/Characters/rounded-panel.png
Assets/_Project/Art/UI/Characters/selection-border.png	Assets/_Project/Art/Textures/UI/Characters/selection-border.png
Assets/_Project/Art/UI/Characters/shadow-soft.png	Assets/_Project/Art/Textures/UI/Characters/shadow-soft.png
Assets/_Project/Art/UI/Characters/tab-underline.png	Assets/_Project/Art/Textures/UI/Characters/tab-underline.png
Assets/_Project/Art/UI/Glossaire_Texture.png	Assets/_Project/Art/Textures/UI/Glossaire_Texture.png
Assets/_Project/Art/UI/PageMarker.png	Assets/_Project/Art/Textures/UI/PageMarker.png
Assets/_Project/Art/UI/Tile_Atlas_UI.png	Assets/_Project/Art/Textures/UI/Tile_Atlas_UI.png
Assets/ZPreprod/_Project/Art/Glyphes/AngryGlyph.png	Assets/_Project/Art/Legacy_ZPreprod/Glyphes/AngryGlyph.png
Assets/ZPreprod/_Project/Art/Glyphes/CloseGlyph.png	Assets/_Project/Art/Legacy_ZPreprod/Glyphes/CloseGlyph.png
Assets/ZPreprod/_Project/Art/Glyphes/DisappearGlyph.png	Assets/_Project/Art/Legacy_ZPreprod/Glyphes/DisappearGlyph.png
Assets/ZPreprod/_Project/Art/Glyphes/GroundGlyph.png	Assets/_Project/Art/Legacy_ZPreprod/Glyphes/GroundGlyph.png
Assets/ZPreprod/_Project/Art/Glyphes/OpenGlyph.png	Assets/_Project/Art/Legacy_ZPreprod/Glyphes/OpenGlyph.png
Assets/ZPreprod/_Project/Art/Glyphes/SeedGlyph.png	Assets/_Project/Art/Legacy_ZPreprod/Glyphes/SeedGlyph.png
Assets/ZPreprod/_Project/Art/Glyphes/WayGlyph.png	Assets/_Project/Art/Legacy_ZPreprod/Glyphes/WayGlyph.png
Assets/ZPreprod/_Project/Art/GridProto/rugSquare.fbx	Assets/_Project/Art/Legacy_ZPreprod/GridProto/rugSquare.fbx
Assets/ZPreprod/_Project/Art/Shader/Emotions.shadergraph	Assets/_Project/Art/Legacy_ZPreprod/Shader/Emotions.shadergraph
Assets/ZPreprod/_Project/Art/Vegetation/arbre1_lowpoly.fbx	Assets/_Project/Art/Legacy_ZPreprod/Vegetation/arbre1_lowpoly.fbx
Assets/ZPreprod/_Project/Art/Vegetation/arbre2_lowpoly.fbx	Assets/_Project/Art/Legacy_ZPreprod/Vegetation/arbre2_lowpoly.fbx
Assets/ZPreprod/_Project/Art/Vegetation/buisson_02_lowpoly.fbx	Assets/_Project/Art/Legacy_ZPreprod/Vegetation/buisson_02_lowpoly.fbx
Assets/ZPreprod/_Project/Art/Vegetation/buisson_04_lowpoly.fbx	Assets/_Project/Art/Legacy_ZPreprod/Vegetation/buisson_04_lowpoly.fbx
Assets/ZPreprod/_Project/Art/Vegetation/fleur1_lowpoly.fbx	Assets/_Project/Art/Legacy_ZPreprod/Vegetation/fleur1_lowpoly.fbx
Assets/ZPreprod/_Project/Art/Vegetation/fleur2_lowpoly.fbx	Assets/_Project/Art/Legacy_ZPreprod/Vegetation/fleur2_lowpoly.fbx
Assets/ZPreprod/_Project/Art/Vegetation/herbe_lowpoly.fbx	Assets/_Project/Art/Legacy_ZPreprod/Vegetation/herbe_lowpoly.fbx
Assets/ZPreprod/_Project/Art/Vegetation/pack_fleurs_lowpoly.fbx	Assets/_Project/Art/Legacy_ZPreprod/Vegetation/pack_fleurs_lowpoly.fbx
Assets/_Project/Audio/file_example_WAV_5MG.wav	Assets/_Project/Art/Audio/file_example_WAV_5MG.wav
Assets/NewBrush.brush	Assets/_Project/Data/BrushAssets/NewBrush.brush
Assets/_Project/Scripts/Brush/AssetTemplate.cs	Assets/_Project/Scripts/Legacy/Brush/AssetTemplate.cs
Assets/_Project/Scripts/Brush/AssetsStruct.cs	Assets/_Project/Scripts/Legacy/Brush/AssetsStruct.cs
Assets/_Project/Scripts/Brush/BrushManager.cs	Assets/_Project/Scripts/Legacy/Brush/BrushManager.cs
Assets/_Project/Scripts/Dev/Guide.cs	Assets/_Project/Scripts/Legacy/Dev/Guide.cs
Assets/_Project/Scripts/Dev/TestComponent.cs	Assets/_Project/Scripts/Legacy/Dev/TestComponent.cs
Assets/_Project/Scripts/Dev/TestEnumSection.cs	Assets/_Project/Scripts/Legacy/Dev/TestEnumSection.cs
Assets/Editor/BranchMeshBuilderEditor.cs	Assets/_Project/Scripts/Legacy/Editor/BranchMeshBuilderEditor.cs
Assets/Editor/Brush/AssetContextMenuWithCollisions.cs	Assets/_Project/Scripts/Legacy/Editor/Brush/AssetContextMenuWithCollisions.cs
Assets/Editor/Brush/AssetContextMenuWithoutCollisions.cs	Assets/_Project/Scripts/Legacy/Editor/Brush/AssetContextMenuWithoutCollisions.cs
Assets/Editor/Brush/AssetsBrush.cs	Assets/_Project/Scripts/Legacy/Editor/Brush/AssetsBrush.cs
Assets/Editor/ConsoleFilter.cs	Assets/_Project/Scripts/Legacy/Editor/ConsoleFilter.cs
Assets/ZPreprod/Inventory/Scripts/Controller/InventoryController.cs	Assets/_Project/Scripts/Legacy/Inventory/Controller/InventoryController.cs
Assets/ZPreprod/Inventory/Scripts/Events/EventChannel.cs	Assets/_Project/Scripts/Legacy/Inventory/Events/EventChannel.cs
Assets/ZPreprod/Inventory/Scripts/Events/InventoryChannels.cs	Assets/_Project/Scripts/Legacy/Inventory/Events/InventoryChannels.cs
Assets/ZPreprod/Inventory/Scripts/Events/Payloads.cs	Assets/_Project/Scripts/Legacy/Inventory/Events/Payloads.cs
Assets/ZPreprod/Inventory/Scripts/Model/InventoryModel.cs	Assets/_Project/Scripts/Legacy/Inventory/Model/InventoryModel.cs
Assets/ZPreprod/Inventory/Scripts/Model/ItemModel.cs	Assets/_Project/Scripts/Legacy/Inventory/Model/ItemModel.cs
Assets/ZPreprod/Inventory/Scripts/SO/ItemSO.cs	Assets/_Project/Scripts/Legacy/Inventory/SO/ItemSO.cs
Assets/ZPreprod/Inventory/Scripts/ServiceLocator.cs	Assets/_Project/Scripts/Legacy/Inventory/ServiceLocator.cs
Assets/ZPreprod/Inventory/Scripts/View/InventoryView.cs	Assets/_Project/Scripts/Legacy/Inventory/View/InventoryView.cs
Assets/ZPreprod/Inventory/Scripts/View/ItemDescriptionView.cs	Assets/_Project/Scripts/Legacy/Inventory/View/ItemDescriptionView.cs
Assets/ZPreprod/Inventory/Scripts/View/ItemView.cs	Assets/_Project/Scripts/Legacy/Inventory/View/ItemView.cs
Assets/ZPreprod/Inventory/Scripts/View/SlotView.cs	Assets/_Project/Scripts/Legacy/Inventory/View/SlotView.cs
Assets/ZPreprod/Inventory/Scripts/View/ToolTipView.cs	Assets/_Project/Scripts/Legacy/Inventory/View/ToolTipView.cs
Assets/_Project/Proto LD/Scripts/Cinematics/BandeNoir/CinematicBarsEffect.cs	Assets/_Project/Scripts/Legacy/Cinematics/BandeNoir/CinematicBarsEffect.cs
Assets/_Project/Proto LD/Scripts/Cinematics/BandeNoir/CinematicBarsFeature.cs	Assets/_Project/Scripts/Legacy/Cinematics/BandeNoir/CinematicBarsFeature.cs
Assets/_Project/Proto LD/Scripts/Cinematics/BandeNoir/CinematicBarsPass.cs	Assets/_Project/Scripts/Legacy/Cinematics/BandeNoir/CinematicBarsPass.cs
Assets/_Project/Proto LD/Scripts/Cinematics/WakeUpEffect.cs	Assets/_Project/Scripts/Legacy/Cinematics/WakeUpEffect.cs
Assets/_Project/Proto LD/Scripts/DialogueZoneTrigger.cs	Assets/_Project/Scripts/Legacy/DialogueZoneTrigger.cs
Assets/_Project/Proto LD/Scripts/Floking/FlockManager.cs	Assets/_Project/Scripts/Legacy/Floking/FlockManager.cs
Assets/_Project/Proto LD/Scripts/Floking/SplineFlockController.cs	Assets/_Project/Scripts/Legacy/Floking/SplineFlockController.cs
Assets/_Project/Proto LD/Scripts/ProceduralBranchGenerator/BranchMeshBuilder.cs	Assets/_Project/Scripts/Legacy/ProceduralBranchGenerator/BranchMeshBuilder.cs
Assets/_Project/Proto LD/Scripts/ProceduralBranchGenerator/ProceduralBranchSplines.cs	Assets/_Project/Scripts/Legacy/ProceduralBranchGenerator/ProceduralBranchSplines.cs
Assets/ZPreprod/_Project/Scripts/Gameplay/Camera/CameraManager.cs	Assets/_Project/Scripts/Legacy/Gameplay/Camera/CameraManager.cs
Assets/ZPreprod/_Project/Scripts/Gameplay/Camera/LookAt.cs	Assets/_Project/Scripts/Legacy/Gameplay/Camera/LookAt.cs
Assets/ZPreprod/_Project/Scripts/Gameplay/Camera/Photo.cs	Assets/_Project/Scripts/Legacy/Gameplay/Camera/Photo.cs
Assets/ZPreprod/_Project/Scripts/Gameplay/Camera/PicturabelObject.cs	Assets/_Project/Scripts/Legacy/Gameplay/Camera/PicturabelObject.cs
Assets/ZPreprod/_Project/Scripts/Gameplay/Camera/SO_PhotoTask.cs	Assets/_Project/Scripts/Legacy/Gameplay/Camera/SO_PhotoTask.cs
Assets/ZPreprod/_Project/Scripts/Gameplay/Camera/ViewController.cs	Assets/_Project/Scripts/Legacy/Gameplay/Camera/ViewController.cs
Assets/ZPreprod/_Project/Scripts/Gameplay/Characters/Skills/Spells/EarthSpell.cs	Assets/_Project/Scripts/Legacy/Gameplay/Characters/Skills/Spells/EarthSpell.cs
Assets/ZPreprod/_Project/Scripts/Gameplay/Characters/Skills/Spells/ElementalSpell.cs	Assets/_Project/Scripts/Legacy/Gameplay/Characters/Skills/Spells/ElementalSpell.cs
Assets/ZPreprod/_Project/Scripts/Gameplay/Characters/Skills/Spells/FireSpell.cs	Assets/_Project/Scripts/Legacy/Gameplay/Characters/Skills/Spells/FireSpell.cs
Assets/ZPreprod/_Project/Scripts/Gameplay/Characters/Skills/Spells/Spell Manager.cs	Assets/_Project/Scripts/Legacy/Gameplay/Characters/Skills/Spells/Spell Manager.cs
Assets/ZPreprod/_Project/Scripts/Gameplay/Characters/Skills/Spells/WaterSpell.cs	Assets/_Project/Scripts/Legacy/Gameplay/Characters/Skills/Spells/WaterSpell.cs
Assets/ZPreprod/_Project/Scripts/Gameplay/Characters/Skills/Spells/WindSpell.cs	Assets/_Project/Scripts/Legacy/Gameplay/Characters/Skills/Spells/WindSpell.cs
Assets/ZPreprod/_Project/Scripts/Gameplay/EmotionCircle/EmotionParticle.cs	Assets/_Project/Scripts/Legacy/Gameplay/EmotionCircle/EmotionParticle.cs
Assets/ZPreprod/_Project/Scripts/Gameplay/EmotionCircle/SendCircleData.cs	Assets/_Project/Scripts/Legacy/Gameplay/EmotionCircle/SendCircleData.cs
Assets/ZPreprod/_Project/Scripts/Gameplay/EmotionCircle/SendColorToShader.cs	Assets/_Project/Scripts/Legacy/Gameplay/EmotionCircle/SendColorToShader.cs
Assets/ZPreprod/_Project/UI/Codex/GlyphEntrySetup.cs	Assets/_Project/Scripts/Legacy/Codex/GlyphEntrySetup.cs
Assets/ZPreprod/_Project/UI/Codex/GlyphGenerator.cs	Assets/_Project/Scripts/Legacy/Codex/GlyphGenerator.cs
Assets/ZPreprod/_Project/UI/Codex/GlyphService.cs	Assets/_Project/Scripts/Legacy/Codex/GlyphService.cs
Assets/ZPreprod/_Project/UI/Screens/ProximityButton.cs	Assets/_Project/Scripts/Legacy/Screens/ProximityButton.cs
Assets/ZPreprod/Import/Ramp.fbx	Assets/_Project/Art/Models/Legacy_ZPreprod/Ramp.fbx
Assets/IA_CustomInput.inputactions	Assets/_Project/Settings/Input/IA_CustomInput.inputactions
Assets/InputSystem_Actions.inputactions	Assets/_Project/Settings/Input/InputSystem_Actions.inputactions
Assets/_Project/LD/LD Forest/PrefabForBrush/AB1.prefab	Assets/_Project/Prefabs/BrushAssets/Forest/AB1.prefab
Assets/_Project/LD/LD Forest/PrefabForBrush/AB2.prefab	Assets/_Project/Prefabs/BrushAssets/Forest/AB2.prefab
Assets/_Project/LD/LD Forest/PrefabForBrush/AB3.prefab	Assets/_Project/Prefabs/BrushAssets/Forest/AB3.prefab
Assets/_Project/LD/LD Forest/PrefabForBrush/AB4.prefab	Assets/_Project/Prefabs/BrushAssets/Forest/AB4.prefab
Assets/_Project/LD/LD Forest/PrefabForBrush/AB5.prefab	Assets/_Project/Prefabs/BrushAssets/Forest/AB5.prefab
Assets/_Project/LD/LD Forest/PrefabForBrush/AB6.prefab	Assets/_Project/Prefabs/BrushAssets/Forest/AB6.prefab
Assets/_Project/LD/LD Forest/PrefabForBrush/BT1.prefab	Assets/_Project/Prefabs/BrushAssets/Forest/BT1.prefab
Assets/_Project/LD/LD Forest/PrefabForBrush/BT2.prefab	Assets/_Project/Prefabs/BrushAssets/Forest/BT2.prefab
Assets/_Project/LD/LD Forest/PrefabForBrush/BT3.prefab	Assets/_Project/Prefabs/BrushAssets/Forest/BT3.prefab
Assets/_Project/LD/LD Forest/PrefabForBrush/BT4.prefab	Assets/_Project/Prefabs/BrushAssets/Forest/BT4.prefab
Assets/_Project/LD/LD Forest/PrefabForBrush/BT5.prefab	Assets/_Project/Prefabs/BrushAssets/Forest/BT5.prefab
Assets/_Project/LD/LD Forest/PrefabForBrush/BT6.prefab	Assets/_Project/Prefabs/BrushAssets/Forest/BT6.prefab
Assets/_Project/LD/LD Forest/PrefabForBrush/Flower 1 Variant.prefab	Assets/_Project/Prefabs/BrushAssets/Forest/Flower 1 Variant.prefab
Assets/_Project/LD/LD Forest/PrefabForBrush/Flower 4 Variant.prefab	Assets/_Project/Prefabs/BrushAssets/Forest/Flower 4 Variant.prefab
Assets/_Project/LD/LD Forest/PrefabForBrush/Flower 5 Variant.prefab	Assets/_Project/Prefabs/BrushAssets/Forest/Flower 5 Variant.prefab
Assets/_Project/LD/LD Forest/PrefabForBrush/Flower 6 Variant.prefab	Assets/_Project/Prefabs/BrushAssets/Forest/Flower 6 Variant.prefab
Assets/_Project/LD/LD Forest/PrefabForBrush/Flower 7 Variant.prefab	Assets/_Project/Prefabs/BrushAssets/Forest/Flower 7 Variant.prefab
Assets/_Project/LD/LD Forest/PrefabForBrush/Flower 8 Variant.prefab	Assets/_Project/Prefabs/BrushAssets/Forest/Flower 8 Variant.prefab
Assets/_Project/LD/LD Forest/PrefabForBrush/Flower 9 Variant.prefab	Assets/_Project/Prefabs/BrushAssets/Forest/Flower 9 Variant.prefab
Assets/_Project/LD/LD Forest/PrefabForBrush/MyBush.prefab	Assets/_Project/Prefabs/BrushAssets/Forest/MyBush.prefab
Assets/_Project/LD/LD Forest/PrefabForBrush/PP 1.prefab	Assets/_Project/Prefabs/BrushAssets/Forest/PP 1.prefab
Assets/_Project/LD/LD Forest/PrefabForBrush/PP 2.prefab	Assets/_Project/Prefabs/BrushAssets/Forest/PP 2.prefab
Assets/_Project/LD/LD Forest/PrefabForBrush/PP 3.prefab	Assets/_Project/Prefabs/BrushAssets/Forest/PP 3.prefab
Assets/_Project/LD/LD Forest/PrefabForBrush/PP 4.prefab	Assets/_Project/Prefabs/BrushAssets/Forest/PP 4.prefab
Assets/_Project/LD/LD Forest/PrefabForBrush/PP 5.prefab	Assets/_Project/Prefabs/BrushAssets/Forest/PP 5.prefab
Assets/_Project/LD/LD Forest/PrefabForBrush/PP 6.prefab	Assets/_Project/Prefabs/BrushAssets/Forest/PP 6.prefab
Assets/_Project/LD/LD Forest/PrefabForBrush/SM_ZF_Tree_Oak_Big_02.prefab	Assets/_Project/Prefabs/BrushAssets/Forest/SM_ZF_Tree_Oak_Big_02.prefab
Assets/_Project/LD/LD Forest/PrefabForBrush/SM_ZF_Tree_Oak_Medium_01.prefab	Assets/_Project/Prefabs/BrushAssets/Forest/SM_ZF_Tree_Oak_Medium_01.prefab
Assets/_Project/LD/LD Forest/PrefabForBrush/SM_ZF_Tree_Oak_Medium_02.prefab	Assets/_Project/Prefabs/BrushAssets/Forest/SM_ZF_Tree_Oak_Medium_02.prefab
Assets/_Project/LD/LD Forest/PrefabForBrush/SM_ZF_Tree_Oak_Small_01.prefab	Assets/_Project/Prefabs/BrushAssets/Forest/SM_ZF_Tree_Oak_Small_01.prefab
Assets/_Project/LD/LD Forest/PrefabForBrush/SM_ZF_Tree_Poplar_Medium_01.prefab	Assets/_Project/Prefabs/BrushAssets/Forest/SM_ZF_Tree_Poplar_Medium_01.prefab
Assets/_Project/LD/LD Forest/Forest_Terrain_v2.terrain.asset	Assets/_Project/LD/Forest/Forest_Terrain_v2.terrain.asset
Assets/_Project/LD/LD Forest/New Material.mat	Assets/_Project/LD/Forest/New Material.mat
Assets/_Project/LD/SM_ZF_Folliage_Moss01.fbx	Assets/_Project/Art/Models/Foliage/SM_ZF_Foliage_Moss01.fbx
Assets/_Project/LD/SM_ZF_Folliage_Moss02.fbx	Assets/_Project/Art/Models/Foliage/SM_ZF_Foliage_Moss02.fbx
Assets/_Project/LD/MossMatLD.mat	Assets/_Project/Art/Materials/MossMatLD.mat
Assets/ZPreprod/Materials/M_Grass 1.mat	Assets/_Project/Art/Materials/Legacy_ZPreprod/M_Grass 1.mat
Assets/ZPreprod/Materials/M_Plank.mat	Assets/_Project/Art/Materials/Legacy_ZPreprod/M_Plank.mat
Assets/ZPreprod/Materials/M_PrimaryPlateform.mat	Assets/_Project/Art/Materials/Legacy_ZPreprod/M_PrimaryPlateform.mat
Assets/ZPreprod/Materials/M_SecondaryPlatform 1.mat	Assets/_Project/Art/Materials/Legacy_ZPreprod/M_SecondaryPlatform 1.mat
Assets/ZPreprod/Materials/M_Trunk.mat	Assets/_Project/Art/Materials/Legacy_ZPreprod/M_Trunk.mat
Assets/_Project/Proto LD/Level1/OcclusionCullingData.asset	Assets/_Project/LD/Lighting/Level1/OcclusionCullingData.asset
Assets/_Project/Proto LD/Light/Dappled light - 04 - for URP render texture.jpg	Assets/_Project/LD/Lighting/Dappled light - 04 - for URP render texture.jpg
Assets/_Project/Proto LD/Light/Directional Light (2).prefab	Assets/_Project/LD/Lighting/Directional Light (2).prefab
Assets/_Project/Proto LD/Light/Directional Light.prefab	Assets/_Project/LD/Lighting/Directional Light.prefab
Assets/_Project/Proto LD/Light/Level1/LightingData.asset	Assets/_Project/LD/Lighting/Level1/LightingData.asset
Assets/_Project/Proto LD/Light/Level1/ReflectionProbe-0.exr	Assets/_Project/LD/Lighting/Level1/ReflectionProbe-0.exr
Assets/_Project/Proto LD/Light/Materials/Sans titre 3.mat	Assets/_Project/LD/Lighting/Materials/Sans titre 3.mat
Assets/_Project/Proto LD/Light/PostProcess Profile.asset	Assets/_Project/LD/Lighting/PostProcess Profile.asset
Assets/_Project/Proto LD/Light/PostProcess.prefab	Assets/_Project/LD/Lighting/PostProcess.prefab
Assets/_Project/Proto LD/Light/Sans titre 3.png	Assets/_Project/LD/Lighting/Sans titre 3.png
Assets/_Project/Proto LD/PlaceHoldersAssets/47074.jpg	Assets/_Project/Art/Placeholders/47074.jpg
Assets/_Project/Proto LD/PlaceHoldersAssets/9fdc21df-db09-4d5a-afe0-32b30895a340.jpg	Assets/_Project/Art/Placeholders/9fdc21df-db09-4d5a-afe0-32b30895a340.jpg
Assets/_Project/Proto LD/PlaceHoldersAssets/Box04.prefab	Assets/_Project/Art/Placeholders/Box04.prefab
Assets/_Project/Proto LD/PlaceHoldersAssets/Custom_MagicFire.mat	Assets/_Project/Art/Placeholders/Custom_MagicFire.mat
Assets/_Project/Proto LD/PlaceHoldersAssets/Drum Set.FBX	Assets/_Project/Art/Placeholders/Drum Set.FBX
Assets/_Project/Proto LD/PlaceHoldersAssets/Flower.prefab	Assets/_Project/Art/Placeholders/Flower.prefab
Assets/_Project/Proto LD/PlaceHoldersAssets/MagicFire.shader	Assets/_Project/Art/Placeholders/MagicFire.shader
Assets/_Project/Proto LD/PlaceHoldersAssets/Materials/47074 1.mat	Assets/_Project/Art/Placeholders/Materials/47074 1.mat
Assets/_Project/Proto LD/PlaceHoldersAssets/Materials/47074.mat	Assets/_Project/Art/Placeholders/Materials/47074.mat
Assets/_Project/Proto LD/PlaceHoldersAssets/Materials/9fdc21df-db09-4d5a-afe0-32b30895a340.mat	Assets/_Project/Art/Placeholders/Materials/9fdc21df-db09-4d5a-afe0-32b30895a340.mat
Assets/_Project/Proto LD/PlaceHoldersAssets/Materials/Neige.shadergraph	Assets/_Project/Art/Placeholders/Materials/Neige.shadergraph
Assets/_Project/Proto LD/PlaceHoldersAssets/Materials/Shader Graphs_nuages 1.mat	Assets/_Project/Art/Placeholders/Materials/Shader Graphs_nuages 1.mat
Assets/_Project/Proto LD/PlaceHoldersAssets/Materials/Shader Graphs_nuages.mat	Assets/_Project/Art/Placeholders/Materials/Shader Graphs_nuages.mat
Assets/_Project/Proto LD/PlaceHoldersAssets/Materials/neige.mat	Assets/_Project/Art/Placeholders/Materials/neige.mat
Assets/_Project/Proto LD/PlaceHoldersAssets/Materials/nuages.shadergraph	Assets/_Project/Art/Placeholders/Materials/nuages.shadergraph
Assets/_Project/Proto LD/PlaceHoldersAssets/Moss002_8K-JPG/Moss.shadergraph	Assets/_Project/Art/Placeholders/Moss002_8K-JPG/Moss.shadergraph
Assets/_Project/Proto LD/PlaceHoldersAssets/Moss002_8K-JPG/Moss002_8K-JPG_AmbientOcclusion.jpg	Assets/_Project/Art/Placeholders/Moss002_8K-JPG/Moss002_8K-JPG_AmbientOcclusion.jpg
Assets/_Project/Proto LD/PlaceHoldersAssets/Moss002_8K-JPG/Moss002_8K-JPG_Color.jpg	Assets/_Project/Art/Placeholders/Moss002_8K-JPG/Moss002_8K-JPG_Color.jpg
Assets/_Project/Proto LD/PlaceHoldersAssets/Moss002_8K-JPG/Moss002_8K-JPG_Displacement.jpg	Assets/_Project/Art/Placeholders/Moss002_8K-JPG/Moss002_8K-JPG_Displacement.jpg
Assets/_Project/Proto LD/PlaceHoldersAssets/Moss002_8K-JPG/Moss002_8K-JPG_NormalDX.jpg	Assets/_Project/Art/Placeholders/Moss002_8K-JPG/Moss002_8K-JPG_NormalDX.jpg
Assets/_Project/Proto LD/PlaceHoldersAssets/Moss002_8K-JPG/Moss002_8K-JPG_Roughness.jpg	Assets/_Project/Art/Placeholders/Moss002_8K-JPG/Moss002_8K-JPG_Roughness.jpg
Assets/_Project/Proto LD/PlaceHoldersAssets/Moss002_8K-JPG/MossMat.mat	Assets/_Project/Art/Placeholders/Moss002_8K-JPG/MossMat.mat
Assets/_Project/Proto LD/PlaceHoldersAssets/Obelisk_01.FBX	Assets/_Project/Art/Placeholders/Obelisk_01.FBX
Assets/_Project/Proto LD/PlaceHoldersAssets/Shader Graphs_WaterShader 1.mat	Assets/_Project/Art/Placeholders/Shader Graphs_WaterShader 1.mat
Assets/_Project/Proto LD/PlaceHoldersAssets/Shader Graphs_WaterShader 2.mat	Assets/_Project/Art/Placeholders/Shader Graphs_WaterShader 2.mat
Assets/_Project/Proto LD/PlaceHoldersAssets/Shader Graphs_WaterShader.mat	Assets/_Project/Art/Placeholders/Shader Graphs_WaterShader.mat
Assets/_Project/Proto LD/PlaceHoldersAssets/Super Starfish SDF.asset	Assets/_Project/Art/Placeholders/Super Starfish SDF.asset
Assets/_Project/Proto LD/PlaceHoldersAssets/Super Starfish.ttf	Assets/_Project/Art/Placeholders/Super Starfish.ttf
Assets/_Project/Proto LD/PlaceHoldersAssets/flower 1.mat	Assets/_Project/Art/Placeholders/flower 1.mat
Assets/_Project/Proto LD/PlaceHoldersAssets/flower.mat	Assets/_Project/Art/Placeholders/flower.mat
Assets/_Project/Proto LD/PlaceHoldersAssets/glass.mat	Assets/_Project/Art/Placeholders/glass.mat
Assets/_Project/Proto LD/PlaceHoldersAssets/green.prefab	Assets/_Project/Art/Placeholders/green.prefab
Assets/_Project/Proto LD/PlaceHoldersAssets/uploads_files_6701050_test+one.fbx	Assets/_Project/Art/Placeholders/uploads_files_6701050_test+one.fbx
Assets/_Project/Proto LD/prefabs/=========UI==============.prefab	Assets/_Project/Prefabs/Environment/=========UI==============.prefab
Assets/_Project/Proto LD/prefabs/========CHARACTER=========.prefab	Assets/_Project/Prefabs/Environment/========CHARACTER=========.prefab
Assets/_Project/Proto LD/prefabs/Cloth.prefab	Assets/_Project/Prefabs/Environment/Cloth.prefab
Assets/_Project/Proto LD/prefabs/Glimmer.prefab	Assets/_Project/Prefabs/Environment/Glimmer.prefab
Assets/_Project/Proto LD/prefabs/SubBranch.prefab	Assets/_Project/Prefabs/Environment/SubBranch.prefab
Assets/ZPreprod/Resources/Skybox Cubemap Extended/Demo/Materials/Polyverse Skies - Blue Sky.mat	Assets/Resources/Skybox Cubemap Extended/Demo/Materials/Polyverse Skies - Blue Sky.mat
Assets/ZPreprod/Resources/Skybox Cubemap Extended/Demo/Textures/Polyverse Skies - Blue Sky.png	Assets/Resources/Skybox Cubemap Extended/Demo/Textures/Polyverse Skies - Blue Sky.png
Assets/_Project/Art/ImportAsset.unity	Assets/_Project/Scenes/Sandbox/ImportAsset.unity
Assets/_Project/Scenes/TestAutoLayerTerrain/AutoTerrainLayerTEst.unity	Assets/_Project/Scenes/Sandbox/AutoTerrainLayerTEst.unity
Assets/_Project/Scenes/Art/CloudTest.unity	Assets/_Project/Scenes/Sandbox/CloudTest.unity
Assets/_Project/Scenes/Art/Diorama.unity	Assets/_Project/Scenes/Sandbox/Diorama.unity
Assets/_Project/Scenes/Proto/Bastien/ReworkedControls.unity	Assets/_Project/Scenes/Sandbox/Bastien_ReworkedControls.unity
Assets/_Project/Scenes/Proto/Erwan/LV_DestroyBlock.unity	Assets/_Project/Scenes/Sandbox/Erwan_LV_DestroyBlock.unity
Assets/_Project/Scenes/Proto/Erwan/LV_ElevateFlower.unity	Assets/_Project/Scenes/Sandbox/Erwan_LV_ElevateFlower.unity
Assets/_Project/Scenes/Proto/Erwan/LV_EnlightenSkill.unity	Assets/_Project/Scenes/Sandbox/Erwan_LV_EnlightenSkill.unity
Assets/_Project/Scenes/Proto/Erwan/LV_LearnSkill.unity	Assets/_Project/Scenes/Sandbox/Erwan_LV_LearnSkill.unity
Assets/_Project/Scenes/Proto/Erwan/LV_Lueur.unity	Assets/_Project/Scenes/Sandbox/Erwan_LV_Lueur.unity
Assets/_Project/Scenes/Proto/Erwan/LV_MergeBastienErwanSkills.unity	Assets/_Project/Scenes/Sandbox/Erwan_LV_MergeBastienErwanSkills.unity
Assets/_Project/Scenes/Proto/Erwan/LV_MergeLueurBastienSkill.unity	Assets/_Project/Scenes/Sandbox/Erwan_LV_MergeLueurBastienSkill.unity
Assets/_Project/Scenes/Proto/Erwan/LV_Meteo.unity	Assets/_Project/Scenes/Sandbox/Erwan_LV_Meteo.unity
Assets/_Project/Scenes/Proto/Erwan/LV_PlayerFollowFlower.unity	Assets/_Project/Scenes/Sandbox/Erwan_LV_PlayerFollowFlower.unity
Assets/_Project/Scenes/Proto/Erwan/LV_RealMeteo.unity	Assets/_Project/Scenes/Sandbox/Erwan_LV_RealMeteo.unity
Assets/_Project/Scenes/Proto/Erwan/LV_SpecificInteraction.unity	Assets/_Project/Scenes/Sandbox/Erwan_LV_SpecificInteraction.unity
Assets/_Project/Scenes/Proto/Erwan/LV_SpellsActivation.unity	Assets/_Project/Scenes/Sandbox/Erwan_LV_SpellsActivation.unity
Assets/_Project/Scenes/Proto/Romain/CatapultRod.unity	Assets/_Project/Scenes/Sandbox/Romain_CatapultRod.unity
Assets/_Project/Scenes/Proto/Romain/Climb.unity	Assets/_Project/Scenes/Sandbox/Romain_Climb.unity
Assets/_Project/Scenes/Proto/Romain/ExpandBranch.unity	Assets/_Project/Scenes/Sandbox/Romain_ExpandBranch.unity
Assets/_Project/Scenes/Proto/Romain/Plateform.unity	Assets/_Project/Scenes/Sandbox/Romain_Plateform.unity
Assets/_Project/Scenes/Proto/Romain/TestFall.unity	Assets/_Project/Scenes/Sandbox/Romain_TestFall.unity
Assets/_Project/Scenes/Proto/Romain/TestMoss.unity	Assets/_Project/Scenes/Sandbox/Romain_TestMoss.unity
Assets/_Project/Scenes/Proto/Thibault/AddressableTest.unity	Assets/_Project/Scenes/Sandbox/Thibault_AddressableTest.unity
Assets/_Project/Scenes/Gameplay.unity	Assets/_Project/Scenes/Core/Gameplay.unity
Assets/_Project/Scenes/MainMenu.unity	Assets/_Project/Scenes/Core/MainMenu.unity
Assets/_Project/Scenes/_Bootstrap.unity	Assets/_Project/Scenes/Core/_Bootstrap.unity
Assets/_Project/LD/LD Forest/LD-Forest-V2.unity	Assets/_Project/Scenes/Levels/LD-Forest-V2.unity
Assets/_Project/LD/LD Forest/LD-Forest.unity	Assets/_Project/Scenes/Levels/LD-Forest.unity
Assets/_Project/Proto LD/Level 2.unity	Assets/_Project/Scenes/Sandbox/Level 2.unity
Assets/_Project/Proto LD/Level1.unity	Assets/_Project/Scenes/Sandbox/Level1.unity
Assets/_Project/Proto LD/New Scene.unity	Assets/_Project/Scenes/Sandbox/New Scene.unity
Assets/_Project/Scenes/Prototypes/Base.unity	Assets/_Project/Scenes/Sandbox/Base.unity
Assets/_Project/Scenes/Prototypes/testInitialSetup.unity	Assets/_Project/Scenes/Sandbox/testInitialSetup.unity
Assets/_Project/Scenes/BrushTest.unity	Assets/_Project/Scenes/Sandbox/BrushTest.unity
Assets/_Project/Scenes/CameraManager TEST.unity	Assets/_Project/Scenes/Sandbox/CameraManager TEST.unity
Assets/_Project/Scenes/CharacterCreator.unity	Assets/_Project/Scenes/Sandbox/CharacterCreator.unity
Assets/_Project/Scenes/KCharacterCreator.unity	Assets/_Project/Scenes/Sandbox/KCharacterCreator.unity
Assets/_Project/Scenes/MergeScene.unity	Assets/_Project/Scenes/Sandbox/MergeScene.unity
Assets/_Project/Scenes/TestOdin.unity	Assets/_Project/Scenes/Sandbox/TestOdin.unity
Assets/_Project/Scenes/ViewEmotion.unity	Assets/_Project/Scenes/Sandbox/ViewEmotion.unity
Assets/ZPreprod/_Project/Scene/Prototypes/LV_Codex.unity	Assets/_Project/Scenes/Sandbox/LV_Codex.unity
Assets/ZPreprod/_Project/Scene/Prototypes/LV_DialogueProto.unity	Assets/_Project/Scenes/Sandbox/LV_DialogueProto.unity
Assets/ZPreprod/_Project/Scene/Prototypes/LV_Glyphes.unity	Assets/_Project/Scenes/Sandbox/LV_Glyphes.unity
Assets/ZPreprod/_Project/Scene/Prototypes/LV_Main.unity	Assets/_Project/Scenes/Sandbox/LV_Main.unity
Assets/ZPreprod/_Project/Scene/Prototypes/LV_Spells.unity	Assets/_Project/Scenes/Sandbox/LV_Spells.unity
Assets/_Project/Proto LD/Scripts/Cinematics/BandeNoir/CinematicBars.shader	Assets/_Project/Art/Shaders/CinematicBars.shader
Assets/_Project/LD/LD Forest/Layer_Grass.terrainlayer	Assets/_Project/LD/TerrainLayers/Layer_Grass.terrainlayer
Assets/_Project/LD/LD Forest/Layer_Road.terrainlayer	Assets/_Project/LD/TerrainLayers/Layer_Road.terrainlayer
Assets/_Project/LD/LD Forest/Layer_Water.terrainlayer	Assets/_Project/LD/TerrainLayers/Layer_Water.terrainlayer
Assets/NewLayer.terrainlayer	Assets/_Project/LD/TerrainLayers/NewLayer_Racine.terrainlayer
Assets/_Project/Art/Shader/NewLayer.terrainlayer	Assets/_Project/LD/TerrainLayers/NewLayer_Shader.terrainlayer
Assets/_Project/Scenes/TestAutoLayerTerrain/NewLayer.terrainlayer	Assets/_Project/LD/TerrainLayers/NewLayer_AutoLayer.terrainlayer
Assets/_Project/LD/TerrainLayer/EcorceLayer1.terrainlayer	Assets/_Project/LD/TerrainLayers/EcorceLayer1.terrainlayer
Assets/_Project/LD/TerrainLayer/WoodLayer.terrainlayer	Assets/_Project/LD/TerrainLayers/WoodLayer.terrainlayer
Assets/_Project/Proto LD/MossTerrainLayer.terrainlayer	Assets/_Project/LD/TerrainLayers/MossTerrainLayer.terrainlayer
Assets/_Project/Scenes/TestAutoLayerTerrain/Layer 1.terrainlayer	Assets/_Project/LD/TerrainLayers/Layer 1.terrainlayer
Assets/_Project/Scenes/TestAutoLayerTerrain/Layer 2.terrainlayer	Assets/_Project/LD/TerrainLayers/Layer 2.terrainlayer
Assets/NewLayer 1.terrainlayer	Assets/_Project/LD/TerrainLayers/NewLayer 1.terrainlayer
Assets/AutoLayerTest.terrain.asset	Assets/_Project/LD/Terrains/AutoLayerTest.terrain.asset
Assets/Border1.terrain.asset	Assets/_Project/LD/Terrains/Border1.terrain.asset
Assets/Border10.terrain.asset	Assets/_Project/LD/Terrains/Border10.terrain.asset
Assets/Border2.terrain.asset	Assets/_Project/LD/Terrains/Border2.terrain.asset
Assets/Border3.terrain.asset	Assets/_Project/LD/Terrains/Border3.terrain.asset
Assets/Border4.terrain.asset	Assets/_Project/LD/Terrains/Border4.terrain.asset
Assets/Border5.terrain.asset	Assets/_Project/LD/Terrains/Border5.terrain.asset
Assets/Border6.terrain.asset	Assets/_Project/LD/Terrains/Border6.terrain.asset
Assets/Border7.terrain.asset	Assets/_Project/LD/Terrains/Border7.terrain.asset
Assets/Border8.terrain.asset	Assets/_Project/LD/Terrains/Border8.terrain.asset
Assets/Border9.terrain.asset	Assets/_Project/LD/Terrains/Border9.terrain.asset
Assets/Forest.terrain.asset	Assets/_Project/LD/Terrains/Forest.terrain.asset
Assets/New Terrain 1.asset	Assets/_Project/LD/Terrains/New Terrain 1.asset
Assets/New Terrain 4.asset	Assets/_Project/LD/Terrains/New Terrain 4.asset
Assets/TerrainData_6c8bc424-1710-4fc2-bc34-8ae216dacc47.asset	Assets/_Project/LD/Terrains/TerrainData_6c8bc424-1710-4fc2-bc34-8ae216dacc47.asset
Assets/TerrainData_83f83329-ebca-4790-9237-ea0cf4a09a10.asset	Assets/_Project/LD/Terrains/TerrainData_83f83329-ebca-4790-9237-ea0cf4a09a10.asset
Assets/TerrainData_98805bb9-0141-4bf7-94a9-10de774fb361.asset	Assets/_Project/LD/Terrains/TerrainData_98805bb9-0141-4bf7-94a9-10de774fb361.asset
Assets/TerrainData_c2262a26-337f-45dc-bab5-04b7e589b4d2.asset	Assets/_Project/LD/Terrains/TerrainData_c2262a26-337f-45dc-bab5-04b7e589b4d2.asset
Assets/TerrainData_ce6a2fb2-df09-45c0-bcfb-59df524c4b9e.asset	Assets/_Project/LD/Terrains/TerrainData_ce6a2fb2-df09-45c0-bcfb-59df524c4b9e.asset
Assets/Vallew.terrain.asset	Assets/_Project/LD/Terrains/Vallew.terrain.asset
Assets/Volcan.terrain.asset	Assets/_Project/LD/Terrains/Volcan.terrain.asset
Assets/VolcanBorder1.terrain.asset	Assets/_Project/LD/Terrains/VolcanBorder1.terrain.asset
Assets/VolcanBorder2.terrain.asset	Assets/_Project/LD/Terrains/VolcanBorder2.terrain.asset
Assets/VolcanBorder3.terrain.asset	Assets/_Project/LD/Terrains/VolcanBorder3.terrain.asset
Assets/VolcanBorder4.terrain.asset	Assets/_Project/LD/Terrains/VolcanBorder4.terrain.asset
Assets/GabrielAguiarProductions/Documentation - Free Quick Effects.pdf	Assets/ThirdParty/GabrielAguiarProductions/Documentation - Free Quick Effects.pdf
Assets/GabrielAguiarProductions/FreeQuickEffectsVol1/Materials/Circle01_AB.mat	Assets/ThirdParty/GabrielAguiarProductions/FreeQuickEffectsVol1/Materials/Circle01_AB.mat
Assets/GabrielAguiarProductions/FreeQuickEffectsVol1/Materials/Circle01_AB_2.mat	Assets/ThirdParty/GabrielAguiarProductions/FreeQuickEffectsVol1/Materials/Circle01_AB_2.mat
Assets/GabrielAguiarProductions/FreeQuickEffectsVol1/Materials/DistortedFlare01_AB.mat	Assets/ThirdParty/GabrielAguiarProductions/FreeQuickEffectsVol1/Materials/DistortedFlare01_AB.mat
Assets/GabrielAguiarProductions/FreeQuickEffectsVol1/Materials/DistortedFlare01_AB_2.mat	Assets/ThirdParty/GabrielAguiarProductions/FreeQuickEffectsVol1/Materials/DistortedFlare01_AB_2.mat
Assets/GabrielAguiarProductions/FreeQuickEffectsVol1/Materials/Flame02_AB.mat	Assets/ThirdParty/GabrielAguiarProductions/FreeQuickEffectsVol1/Materials/Flame02_AB.mat
Assets/GabrielAguiarProductions/FreeQuickEffectsVol1/Materials/Flame02_AB_2.mat	Assets/ThirdParty/GabrielAguiarProductions/FreeQuickEffectsVol1/Materials/Flame02_AB_2.mat
Assets/GabrielAguiarProductions/FreeQuickEffectsVol1/Materials/Flare00_AB.mat	Assets/ThirdParty/GabrielAguiarProductions/FreeQuickEffectsVol1/Materials/Flare00_AB.mat
Assets/GabrielAguiarProductions/FreeQuickEffectsVol1/Materials/Flare00_AB_2.mat	Assets/ThirdParty/GabrielAguiarProductions/FreeQuickEffectsVol1/Materials/Flare00_AB_2.mat
Assets/GabrielAguiarProductions/FreeQuickEffectsVol1/Materials/Scene/Ground.mat	Assets/ThirdParty/GabrielAguiarProductions/FreeQuickEffectsVol1/Materials/Scene/Ground.mat
Assets/GabrielAguiarProductions/FreeQuickEffectsVol1/Materials/Scene/Sky.mat	Assets/ThirdParty/GabrielAguiarProductions/FreeQuickEffectsVol1/Materials/Scene/Sky.mat
Assets/GabrielAguiarProductions/FreeQuickEffectsVol1/Materials/Swirl01_AB.mat	Assets/ThirdParty/GabrielAguiarProductions/FreeQuickEffectsVol1/Materials/Swirl01_AB.mat
Assets/GabrielAguiarProductions/FreeQuickEffectsVol1/Materials/Swirl01_AB_2.mat	Assets/ThirdParty/GabrielAguiarProductions/FreeQuickEffectsVol1/Materials/Swirl01_AB_2.mat
Assets/GabrielAguiarProductions/FreeQuickEffectsVol1/Prefabs/vfx_Tornado_01.prefab	Assets/ThirdParty/GabrielAguiarProductions/FreeQuickEffectsVol1/Prefabs/vfx_Tornado_01.prefab
Assets/GabrielAguiarProductions/FreeQuickEffectsVol1/Textures/Circle01_v1.png	Assets/ThirdParty/GabrielAguiarProductions/FreeQuickEffectsVol1/Textures/Circle01_v1.png
Assets/GabrielAguiarProductions/FreeQuickEffectsVol1/Textures/DistortedFlare01.png	Assets/ThirdParty/GabrielAguiarProductions/FreeQuickEffectsVol1/Textures/DistortedFlare01.png
Assets/GabrielAguiarProductions/FreeQuickEffectsVol1/Textures/Flame02.png	Assets/ThirdParty/GabrielAguiarProductions/FreeQuickEffectsVol1/Textures/Flame02.png
Assets/GabrielAguiarProductions/FreeQuickEffectsVol1/Textures/Flare00.PNG	Assets/ThirdParty/GabrielAguiarProductions/FreeQuickEffectsVol1/Textures/Flare00.PNG
Assets/GabrielAguiarProductions/FreeQuickEffectsVol1/Textures/Swirl01.png	Assets/ThirdParty/GabrielAguiarProductions/FreeQuickEffectsVol1/Textures/Swirl01.png
Assets/_Project/Proto LD/PlaceHoldersAssets/Zacxophone/Birds/Animators/01BirdAnimator.controller	Assets/ThirdParty/Zacxophone_LowPolyBirds/Birds/Animators/01BirdAnimator.controller
Assets/_Project/Proto LD/PlaceHoldersAssets/Zacxophone/Birds/Animators/03BirdsAnimator.controller	Assets/ThirdParty/Zacxophone_LowPolyBirds/Birds/Animators/03BirdsAnimator.controller
Assets/_Project/Proto LD/PlaceHoldersAssets/Zacxophone/Birds/Animators/05BirdsAnimator.controller	Assets/ThirdParty/Zacxophone_LowPolyBirds/Birds/Animators/05BirdsAnimator.controller
Assets/_Project/Proto LD/PlaceHoldersAssets/Zacxophone/Birds/Animators/10BirdsAnimator.controller	Assets/ThirdParty/Zacxophone_LowPolyBirds/Birds/Animators/10BirdsAnimator.controller
Assets/_Project/Proto LD/PlaceHoldersAssets/Zacxophone/Birds/Animators/15BirdsAnimator.controller	Assets/ThirdParty/Zacxophone_LowPolyBirds/Birds/Animators/15BirdsAnimator.controller
Assets/_Project/Proto LD/PlaceHoldersAssets/Zacxophone/Birds/Built-In/DemoScenes/LowPolyBirdsExampleSceneBuiltIn.unity	Assets/ThirdParty/Zacxophone_LowPolyBirds/Birds/Built-In/DemoScenes/LowPolyBirdsExampleSceneBuiltIn.unity
Assets/_Project/Proto LD/PlaceHoldersAssets/Zacxophone/Birds/Built-In/Materials/BirdMaterial.mat	Assets/ThirdParty/Zacxophone_LowPolyBirds/Birds/Built-In/Materials/BirdMaterial.mat
Assets/_Project/Proto LD/PlaceHoldersAssets/Zacxophone/Birds/Built-In/Prefabs/01BirdPrefab 1.prefab	Assets/ThirdParty/Zacxophone_LowPolyBirds/Birds/Built-In/Prefabs/01BirdPrefab 1.prefab
Assets/_Project/Proto LD/PlaceHoldersAssets/Zacxophone/Birds/Built-In/Prefabs/01BirdPrefab.prefab	Assets/ThirdParty/Zacxophone_LowPolyBirds/Birds/Built-In/Prefabs/01BirdPrefab.prefab
Assets/_Project/Proto LD/PlaceHoldersAssets/Zacxophone/Birds/Built-In/Prefabs/03BirdsPrefab.prefab	Assets/ThirdParty/Zacxophone_LowPolyBirds/Birds/Built-In/Prefabs/03BirdsPrefab.prefab
Assets/_Project/Proto LD/PlaceHoldersAssets/Zacxophone/Birds/Built-In/Prefabs/05BirdsPrefab.prefab	Assets/ThirdParty/Zacxophone_LowPolyBirds/Birds/Built-In/Prefabs/05BirdsPrefab.prefab
Assets/_Project/Proto LD/PlaceHoldersAssets/Zacxophone/Birds/Built-In/Prefabs/10BirdsPrefab.prefab	Assets/ThirdParty/Zacxophone_LowPolyBirds/Birds/Built-In/Prefabs/10BirdsPrefab.prefab
Assets/_Project/Proto LD/PlaceHoldersAssets/Zacxophone/Birds/Built-In/Prefabs/15BirdsPrefab.prefab	Assets/ThirdParty/Zacxophone_LowPolyBirds/Birds/Built-In/Prefabs/15BirdsPrefab.prefab
Assets/_Project/Proto LD/PlaceHoldersAssets/Zacxophone/Birds/HDRP/DemoScenes/BirdsExampleSceneHDRP.unity	Assets/ThirdParty/Zacxophone_LowPolyBirds/Birds/HDRP/DemoScenes/BirdsExampleSceneHDRP.unity
Assets/_Project/Proto LD/PlaceHoldersAssets/Zacxophone/Birds/HDRP/MaskMapTexture/BirdsMaterial_MaskMap.png	Assets/ThirdParty/Zacxophone_LowPolyBirds/Birds/HDRP/MaskMapTexture/BirdsMaterial_MaskMap.png
Assets/_Project/Proto LD/PlaceHoldersAssets/Zacxophone/Birds/HDRP/Materials/BirdMaterial.mat	Assets/ThirdParty/Zacxophone_LowPolyBirds/Birds/HDRP/Materials/BirdMaterial.mat
Assets/_Project/Proto LD/PlaceHoldersAssets/Zacxophone/Birds/HDRP/Prefabs/01BirdPrefab.prefab	Assets/ThirdParty/Zacxophone_LowPolyBirds/Birds/HDRP/Prefabs/01BirdPrefab.prefab
Assets/_Project/Proto LD/PlaceHoldersAssets/Zacxophone/Birds/HDRP/Prefabs/03BirdsPrefab.prefab	Assets/ThirdParty/Zacxophone_LowPolyBirds/Birds/HDRP/Prefabs/03BirdsPrefab.prefab
Assets/_Project/Proto LD/PlaceHoldersAssets/Zacxophone/Birds/HDRP/Prefabs/05BirdsPrefab.prefab	Assets/ThirdParty/Zacxophone_LowPolyBirds/Birds/HDRP/Prefabs/05BirdsPrefab.prefab
Assets/_Project/Proto LD/PlaceHoldersAssets/Zacxophone/Birds/HDRP/Prefabs/10BirdsPrefab.prefab	Assets/ThirdParty/Zacxophone_LowPolyBirds/Birds/HDRP/Prefabs/10BirdsPrefab.prefab
Assets/_Project/Proto LD/PlaceHoldersAssets/Zacxophone/Birds/HDRP/Prefabs/15BirdsPrefab.prefab	Assets/ThirdParty/Zacxophone_LowPolyBirds/Birds/HDRP/Prefabs/15BirdsPrefab.prefab
Assets/_Project/Proto LD/PlaceHoldersAssets/Zacxophone/Birds/Meshes/01Bird.fbx	Assets/ThirdParty/Zacxophone_LowPolyBirds/Birds/Meshes/01Bird.fbx
Assets/_Project/Proto LD/PlaceHoldersAssets/Zacxophone/Birds/Meshes/03Birds.fbx	Assets/ThirdParty/Zacxophone_LowPolyBirds/Birds/Meshes/03Birds.fbx
Assets/_Project/Proto LD/PlaceHoldersAssets/Zacxophone/Birds/Meshes/05Birds.fbx	Assets/ThirdParty/Zacxophone_LowPolyBirds/Birds/Meshes/05Birds.fbx
Assets/_Project/Proto LD/PlaceHoldersAssets/Zacxophone/Birds/Meshes/10Birds.fbx	Assets/ThirdParty/Zacxophone_LowPolyBirds/Birds/Meshes/10Birds.fbx
Assets/_Project/Proto LD/PlaceHoldersAssets/Zacxophone/Birds/Meshes/15Birds.fbx	Assets/ThirdParty/Zacxophone_LowPolyBirds/Birds/Meshes/15Birds.fbx
Assets/_Project/Proto LD/PlaceHoldersAssets/Zacxophone/Birds/Textures/Bird_Albedo.png	Assets/ThirdParty/Zacxophone_LowPolyBirds/Birds/Textures/Bird_Albedo.png
Assets/_Project/Proto LD/PlaceHoldersAssets/Zacxophone/Birds/Textures/Bird_MetallicSmoothness.png	Assets/ThirdParty/Zacxophone_LowPolyBirds/Birds/Textures/Bird_MetallicSmoothness.png
Assets/_Project/Proto LD/PlaceHoldersAssets/Zacxophone/Birds/URP/DemoScenes/LowPolyBirdsExampleSceneURP.unity	Assets/ThirdParty/Zacxophone_LowPolyBirds/Birds/URP/DemoScenes/LowPolyBirdsExampleSceneURP.unity
Assets/_Project/Proto LD/PlaceHoldersAssets/Zacxophone/Birds/URP/Materials/BirdMaterial.mat	Assets/ThirdParty/Zacxophone_LowPolyBirds/Birds/URP/Materials/BirdMaterial.mat
Assets/_Project/Proto LD/PlaceHoldersAssets/Zacxophone/Birds/URP/Prefabs/01BirdPrefab.prefab	Assets/ThirdParty/Zacxophone_LowPolyBirds/Birds/URP/Prefabs/01BirdPrefab.prefab
Assets/_Project/Proto LD/PlaceHoldersAssets/Zacxophone/Birds/URP/Prefabs/03BirdsPrefab.prefab	Assets/ThirdParty/Zacxophone_LowPolyBirds/Birds/URP/Prefabs/03BirdsPrefab.prefab
Assets/_Project/Proto LD/PlaceHoldersAssets/Zacxophone/Birds/URP/Prefabs/05BirdsPrefab.prefab	Assets/ThirdParty/Zacxophone_LowPolyBirds/Birds/URP/Prefabs/05BirdsPrefab.prefab
Assets/_Project/Proto LD/PlaceHoldersAssets/Zacxophone/Birds/URP/Prefabs/10BirdsPrefab.prefab	Assets/ThirdParty/Zacxophone_LowPolyBirds/Birds/URP/Prefabs/10BirdsPrefab.prefab
Assets/_Project/Proto LD/PlaceHoldersAssets/Zacxophone/Birds/URP/Prefabs/15BirdsPrefab.prefab	Assets/ThirdParty/Zacxophone_LowPolyBirds/Birds/URP/Prefabs/15BirdsPrefab.prefab
Assets/GameObject 1.prefab	Assets/_Project/_ATrier/GameObject 1.prefab
Assets/GameObject.prefab	Assets/_Project/_ATrier/GameObject.prefab
Assets/d34a659c5dc947bd1cd36411d0618d926a1e94ac.png	Assets/_Project/_ATrier/d34a659c5dc947bd1cd36411d0618d926a1e94ac.png
Assets/pack_fleurs_lowpoly (11).prefab	Assets/_Project/_ATrier/pack_fleurs_lowpoly (11).prefab
